Year,Electoral college vote count,State
1788,0,Alabama
1792,0,Alabama
1796,0,Alabama
1800,0,Alabama
1804,0,Alabama
1808,0,Alabama
1812,0,Alabama
1816,0,Alabama
1820,3,Alabama
1824,5,Alabama
1828,5,Alabama
1832,7,Alabama
1836,7,Alabama
1840,7,Alabama
1844,9,Alabama
1848,9,Alabama
1852,9,Alabama
1856,9,Alabama
1860,9,Alabama
1864,0,Alabama
1868,8,Alabama
1872,10,Alabama
1876,10,Alabama
1880,10,Alabama
1884,10,Alabama
1888,10,Alabama
1892,11,Alabama
1896,11,Alabama
1900,11,Alabama
1904,11,Alabama
1908,11,Alabama
1912,12,Alabama
1916,12,Alabama
1920,12,Alabama
1924,12,Alabama
1928,12,Alabama
1932,11,Alabama
1936,11,Alabama
1940,11,Alabama
1944,11,Alabama
1948,11,Alabama
1952,11,Alabama
1956,11,Alabama
1960,11,Alabama
1964,10,Alabama
1968,10,Alabama
1972,9,Alabama
1976,9,Alabama
1980,9,Alabama
1984,9,Alabama
1988,9,Alabama
1992,9,Alabama
1996,9,Alabama
2000,9,Alabama
2004,9,Alabama
2008,9,Alabama
2012,9,Alabama
2016,9,Alabama
2020,9,Alabama
1788,0,Alaska
1792,0,Alaska
1796,0,Alaska
1800,0,Alaska
1804,0,Alaska
1808,0,Alaska
1812,0,Alaska
1816,0,Alaska
1820,0,Alaska
1824,0,Alaska
1828,0,Alaska
1832,0,Alaska
1836,0,Alaska
1840,0,Alaska
1844,0,Alaska
1848,0,Alaska
1852,0,Alaska
1856,0,Alaska
1860,0,Alaska
1864,0,Alaska
1868,0,Alaska
1872,0,Alaska
1876,0,Alaska
1880,0,Alaska
1884,0,Alaska
1888,0,Alaska
1892,0,Alaska
1896,0,Alaska
1900,0,Alaska
1904,0,Alaska
1908,0,Alaska
1912,0,Alaska
1916,0,Alaska
1920,0,Alaska
1924,0,Alaska
1928,0,Alaska
1932,0,Alaska
1936,0,Alaska
1940,0,Alaska
1944,0,Alaska
1948,0,Alaska
1952,0,Alaska
1956,0,Alaska
1960,3,Alaska
1964,3,Alaska
1968,3,Alaska
1972,3,Alaska
1976,3,Alaska
1980,3,Alaska
1984,3,Alaska
1988,3,Alaska
1992,3,Alaska
1996,3,Alaska
2000,3,Alaska
2004,3,Alaska
2008,3,Alaska
2012,3,Alaska
2016,3,Alaska
2020,3,Alaska
1788,0,Arizona
1792,0,Arizona
1796,0,Arizona
1800,0,Arizona
1804,0,Arizona
1808,0,Arizona
1812,0,Arizona
1816,0,Arizona
1820,0,Arizona
1824,0,Arizona
1828,0,Arizona
1832,0,Arizona
1836,0,Arizona
1840,0,Arizona
1844,0,Arizona
1848,0,Arizona
1852,0,Arizona
1856,0,Arizona
1860,0,Arizona
1864,0,Arizona
1868,0,Arizona
1872,0,Arizona
1876,0,Arizona
1880,0,Arizona
1884,0,Arizona
1888,0,Arizona
1892,0,Arizona
1896,0,Arizona
1900,0,Arizona
1904,0,Arizona
1908,0,Arizona
1912,3,Arizona
1916,3,Arizona
1920,3,Arizona
1924,3,Arizona
1928,3,Arizona
1932,3,Arizona
1936,3,Arizona
1940,3,Arizona
1944,4,Arizona
1948,4,Arizona
1952,4,Arizona
1956,4,Arizona
1960,4,Arizona
1964,5,Arizona
1968,5,Arizona
1972,6,Arizona
1976,6,Arizona
1980,6,Arizona
1984,7,Arizona
1988,7,Arizona
1992,8,Arizona
1996,8,Arizona
2000,8,Arizona
2004,10,Arizona
2008,10,Arizona
2012,11,Arizona
2016,11,Arizona
2020,11,Arizona
1788,0,Arkansas
1792,0,Arkansas
1796,0,Arkansas
1800,0,Arkansas
1804,0,Arkansas
1808,0,Arkansas
1812,0,Arkansas
1816,0,Arkansas
1820,0,Arkansas
1824,0,Arkansas
1828,0,Arkansas
1832,0,Arkansas
1836,3,Arkansas
1840,3,Arkansas
1844,3,Arkansas
1848,3,Arkansas
1852,4,Arkansas
1856,4,Arkansas
1860,4,Arkansas
1864,0,Arkansas
1868,5,Arkansas
1872,6,Arkansas
1876,6,Arkansas
1880,6,Arkansas
1884,7,Arkansas
1888,7,Arkansas
1892,8,Arkansas
1896,8,Arkansas
1900,8,Arkansas
1904,9,Arkansas
1908,9,Arkansas
1912,9,Arkansas
1916,9,Arkansas
1920,9,Arkansas
1924,9,Arkansas
1928,9,Arkansas
1932,9,Arkansas
1936,9,Arkansas
1940,9,Arkansas
1944,9,Arkansas
1948,9,Arkansas
1952,8,Arkansas
1956,8,Arkansas
1960,8,Arkansas
1964,6,Arkansas
1968,6,Arkansas
1972,6,Arkansas
1976,6,Arkansas
1980,6,Arkansas
1984,6,Arkansas
1988,6,Arkansas
1992,6,Arkansas
1996,6,Arkansas
2000,6,Arkansas
2004,6,Arkansas
2008,6,Arkansas
2012,6,Arkansas
2016,6,Arkansas
2020,6,Arkansas
1788,0,California
1792,0,California
1796,0,California
1800,0,California
1804,0,California
1808,0,California
1812,0,California
1816,0,California
1820,0,California
1824,0,California
1828,0,California
1832,0,California
1836,0,California
1840,0,California
1844,0,California
1848,0,California
1852,4,California
1856,4,California
1860,4,California
1864,5,California
1868,5,California
1872,6,California
1876,6,California
1880,6,California
1884,8,California
1888,8,California
1892,9,California
1896,9,California
1900,9,California
1904,10,California
1908,10,California
1912,13,California
1916,13,California
1920,13,California
1924,13,California
1928,13,California
1932,22,California
1936,22,California
1940,22,California
1944,25,California
1948,25,California
1952,32,California
1956,32,California
1960,32,California
1964,40,California
1968,40,California
1972,45,California
1976,45,California
1980,45,California
1984,47,California
1988,47,California
1992,54,California
1996,54,California
2000,54,California
2004,55,California
2008,55,California
2012,55,California
2016,55,California
2020,55,California
1788,0,Colorado
1792,0,Colorado
1796,0,Colorado
1800,0,Colorado
1804,0,Colorado
1808,0,Colorado
1812,0,Colorado
1816,0,Colorado
1820,0,Colorado
1824,0,Colorado
1828,0,Colorado
1832,0,Colorado
1836,0,Colorado
1840,0,Colorado
1844,0,Colorado
1848,0,Colorado
1852,0,Colorado
1856,0,Colorado
1860,0,Colorado
1864,0,Colorado
1868,0,Colorado
1872,0,Colorado
1876,3,Colorado
1880,3,Colorado
1884,3,Colorado
1888,3,Colorado
1892,4,Colorado
1896,4,Colorado
1900,4,Colorado
1904,5,Colorado
1908,5,Colorado
1912,6,Colorado
1916,6,Colorado
1920,6,Colorado
1924,6,Colorado
1928,6,Colorado
1932,6,Colorado
1936,6,Colorado
1940,6,Colorado
1944,6,Colorado
1948,6,Colorado
1952,6,Colorado
1956,6,Colorado
1960,6,Colorado
1964,6,Colorado
1968,6,Colorado
1972,7,Colorado
1976,7,Colorado
1980,7,Colorado
1984,8,Colorado
1988,8,Colorado
1992,8,Colorado
1996,8,Colorado
2000,8,Colorado
2004,9,Colorado
2008,9,Colorado
2012,9,Colorado
2016,9,Colorado
2020,9,Colorado
1788,7,Connecticut
1792,9,Connecticut
1796,9,Connecticut
1800,9,Connecticut
1804,9,Connecticut
1808,9,Connecticut
1812,9,Connecticut
1816,9,Connecticut
1820,9,Connecticut
1824,8,Connecticut
1828,8,Connecticut
1832,8,Connecticut
1836,8,Connecticut
1840,8,Connecticut
1844,6,Connecticut
1848,6,Connecticut
1852,6,Connecticut
1856,6,Connecticut
1860,6,Connecticut
1864,6,Connecticut
1868,6,Connecticut
1872,6,Connecticut
1876,6,Connecticut
1880,6,Connecticut
1884,6,Connecticut
1888,6,Connecticut
1892,6,Connecticut
1896,6,Connecticut
1900,6,Connecticut
1904,7,Connecticut
1908,7,Connecticut
1912,7,Connecticut
1916,7,Connecticut
1920,7,Connecticut
1924,7,Connecticut
1928,7,Connecticut
1932,8,Connecticut
1936,8,Connecticut
1940,8,Connecticut
1944,8,Connecticut
1948,8,Connecticut
1952,8,Connecticut
1956,8,Connecticut
1960,8,Connecticut
1964,8,Connecticut
1968,8,Connecticut
1972,8,Connecticut
1976,8,Connecticut
1980,8,Connecticut
1984,8,Connecticut
1988,8,Connecticut
1992,8,Connecticut
1996,8,Connecticut
2000,8,Connecticut
2004,7,Connecticut
2008,7,Connecticut
2012,7,Connecticut
2016,7,Connecticut
2020,7,Connecticut
1788,0,D.C.
1792,0,D.C.
1796,0,D.C.
1800,0,D.C.
1804,0,D.C.
1808,0,D.C.
1812,0,D.C.
1816,0,D.C.
1820,0,D.C.
1824,0,D.C.
1828,0,D.C.
1832,0,D.C.
1836,0,D.C.
1840,0,D.C.
1844,0,D.C.
1848,0,D.C.
1852,0,D.C.
1856,0,D.C.
1860,0,D.C.
1864,0,D.C.
1868,0,D.C.
1872,0,D.C.
1876,0,D.C.
1880,0,D.C.
1884,0,D.C.
1888,0,D.C.
1892,0,D.C.
1896,0,D.C.
1900,0,D.C.
1904,0,D.C.
1908,0,D.C.
1912,0,D.C.
1916,0,D.C.
1920,0,D.C.
1924,0,D.C.
1928,0,D.C.
1932,0,D.C.
1936,0,D.C.
1940,0,D.C.
1944,0,D.C.
1948,0,D.C.
1952,0,D.C.
1956,0,D.C.
1960,0,D.C.
1964,3,D.C.
1968,3,D.C.
1972,3,D.C.
1976,3,D.C.
1980,3,D.C.
1984,3,D.C.
1988,3,D.C.
1992,3,D.C.
1996,3,D.C.
2000,3,D.C.
2004,3,D.C.
2008,3,D.C.
2012,3,D.C.
2016,3,D.C.
2020,3,D.C.
1788,3,Delaware
1792,3,Delaware
1796,3,Delaware
1800,3,Delaware
1804,3,Delaware
1808,3,Delaware
1812,4,Delaware
1816,4,Delaware
1820,4,Delaware
1824,3,Delaware
1828,3,Delaware
1832,3,Delaware
1836,3,Delaware
1840,3,Delaware
1844,3,Delaware
1848,3,Delaware
1852,3,Delaware
1856,3,Delaware
1860,3,Delaware
1864,3,Delaware
1868,3,Delaware
1872,3,Delaware
1876,3,Delaware
1880,3,Delaware
1884,3,Delaware
1888,3,Delaware
1892,3,Delaware
1896,3,Delaware
1900,3,Delaware
1904,3,Delaware
1908,3,Delaware
1912,3,Delaware
1916,3,Delaware
1920,3,Delaware
1924,3,Delaware
1928,3,Delaware
1932,3,Delaware
1936,3,Delaware
1940,3,Delaware
1944,3,Delaware
1948,3,Delaware
1952,3,Delaware
1956,3,Delaware
1960,3,Delaware
1964,3,Delaware
1968,3,Delaware
1972,3,Delaware
1976,3,Delaware
1980,3,Delaware
1984,3,Delaware
1988,3,Delaware
1992,3,Delaware
1996,3,Delaware
2000,3,Delaware
2004,3,Delaware
2008,3,Delaware
2012,3,Delaware
2016,3,Delaware
2020,3,Delaware
1788,0,Florida
1792,0,Florida
1796,0,Florida
1800,0,Florida
1804,0,Florida
1808,0,Florida
1812,0,Florida
1816,0,Florida
1820,0,Florida
1824,0,Florida
1828,0,Florida
1832,0,Florida
1836,0,Florida
1840,0,Florida
1844,0,Florida
1848,3,Florida
1852,3,Florida
1856,3,Florida
1860,3,Florida
1864,0,Florida
1868,3,Florida
1872,4,Florida
1876,4,Florida
1880,4,Florida
1884,4,Florida
1888,4,Florida
1892,4,Florida
1896,4,Florida
1900,4,Florida
1904,5,Florida
1908,5,Florida
1912,6,Florida
1916,6,Florida
1920,6,Florida
1924,6,Florida
1928,6,Florida
1932,7,Florida
1936,7,Florida
1940,7,Florida
1944,8,Florida
1948,8,Florida
1952,10,Florida
1956,10,Florida
1960,10,Florida
1964,14,Florida
1968,14,Florida
1972,17,Florida
1976,17,Florida
1980,17,Florida
1984,21,Florida
1988,21,Florida
1992,25,Florida
1996,25,Florida
2000,25,Florida
2004,27,Florida
2008,27,Florida
2012,29,Florida
2016,29,Florida
2020,29,Florida
1788,5,Georgia
1792,4,Georgia
1796,4,Georgia
1800,4,Georgia
1804,6,Georgia
1808,6,Georgia
1812,8,Georgia
1816,8,Georgia
1820,8,Georgia
1824,9,Georgia
1828,9,Georgia
1832,11,Georgia
1836,11,Georgia
1840,11,Georgia
1844,10,Georgia
1848,10,Georgia
1852,10,Georgia
1856,10,Georgia
1860,10,Georgia
1864,0,Georgia
1868,9,Georgia
1872,11,Georgia
1876,11,Georgia
1880,11,Georgia
1884,12,Georgia
1888,12,Georgia
1892,13,Georgia
1896,13,Georgia
1900,13,Georgia
1904,13,Georgia
1908,13,Georgia
1912,14,Georgia
1916,14,Georgia
1920,14,Georgia
1924,14,Georgia
1928,14,Georgia
1932,12,Georgia
1936,12,Georgia
1940,12,Georgia
1944,12,Georgia
1948,12,Georgia
1952,12,Georgia
1956,12,Georgia
1960,12,Georgia
1964,12,Georgia
1968,12,Georgia
1972,12,Georgia
1976,12,Georgia
1980,12,Georgia
1984,12,Georgia
1988,12,Georgia
1992,13,Georgia
1996,13,Georgia
2000,13,Georgia
2004,15,Georgia
2008,15,Georgia
2012,16,Georgia
2016,16,Georgia
2020,16,Georgia
1788,0,Hawaii
1792,0,Hawaii
1796,0,Hawaii
1800,0,Hawaii
1804,0,Hawaii
1808,0,Hawaii
1812,0,Hawaii
1816,0,Hawaii
1820,0,Hawaii
1824,0,Hawaii
1828,0,Hawaii
1832,0,Hawaii
1836,0,Hawaii
1840,0,Hawaii
1844,0,Hawaii
1848,0,Hawaii
1852,0,Hawaii
1856,0,Hawaii
1860,0,Hawaii
1864,0,Hawaii
1868,0,Hawaii
1872,0,Hawaii
1876,0,Hawaii
1880,0,Hawaii
1884,0,Hawaii
1888,0,Hawaii
1892,0,Hawaii
1896,0,Hawaii
1900,0,Hawaii
1904,0,Hawaii
1908,0,Hawaii
1912,0,Hawaii
1916,0,Hawaii
1920,0,Hawaii
1924,0,Hawaii
1928,0,Hawaii
1932,0,Hawaii
1936,0,Hawaii
1940,0,Hawaii
1944,0,Hawaii
1948,0,Hawaii
1952,0,Hawaii
1956,0,Hawaii
1960,3,Hawaii
1964,4,Hawaii
1968,4,Hawaii
1972,4,Hawaii
1976,4,Hawaii
1980,4,Hawaii
1984,4,Hawaii
1988,4,Hawaii
1992,4,Hawaii
1996,4,Hawaii
2000,4,Hawaii
2004,4,Hawaii
2008,4,Hawaii
2012,4,Hawaii
2016,4,Hawaii
2020,4,Hawaii
1788,0,Idaho
1792,0,Idaho
1796,0,Idaho
1800,0,Idaho
1804,0,Idaho
1808,0,Idaho
1812,0,Idaho
1816,0,Idaho
1820,0,Idaho
1824,0,Idaho
1828,0,Idaho
1832,0,Idaho
1836,0,Idaho
1840,0,Idaho
1844,0,Idaho
1848,0,Idaho
1852,0,Idaho
1856,0,Idaho
1860,0,Idaho
1864,0,Idaho
1868,0,Idaho
1872,0,Idaho
1876,0,Idaho
1880,0,Idaho
1884,0,Idaho
1888,0,Idaho
1892,3,Idaho
1896,3,Idaho
1900,3,Idaho
1904,3,Idaho
1908,3,Idaho
1912,4,Idaho
1916,4,Idaho
1920,4,Idaho
1924,4,Idaho
1928,4,Idaho
1932,4,Idaho
1936,4,Idaho
1940,4,Idaho
1944,4,Idaho
1948,4,Idaho
1952,4,Idaho
1956,4,Idaho
1960,4,Idaho
1964,4,Idaho
1968,4,Idaho
1972,4,Idaho
1976,4,Idaho
1980,4,Idaho
1984,4,Idaho
1988,4,Idaho
1992,4,Idaho
1996,4,Idaho
2000,4,Idaho
2004,4,Idaho
2008,4,Idaho
2012,4,Idaho
2016,4,Idaho
2020,4,Idaho
1788,0,Illinois
1792,0,Illinois
1796,0,Illinois
1800,0,Illinois
1804,0,Illinois
1808,0,Illinois
1812,0,Illinois
1816,0,Illinois
1820,3,Illinois
1824,3,Illinois
1828,3,Illinois
1832,5,Illinois
1836,5,Illinois
1840,5,Illinois
1844,9,Illinois
1848,9,Illinois
1852,11,Illinois
1856,11,Illinois
1860,11,Illinois
1864,16,Illinois
1868,16,Illinois
1872,21,Illinois
1876,21,Illinois
1880,21,Illinois
1884,22,Illinois
1888,22,Illinois
1892,24,Illinois
1896,24,Illinois
1900,24,Illinois
1904,27,Illinois
1908,27,Illinois
1912,29,Illinois
1916,29,Illinois
1920,29,Illinois
1924,29,Illinois
1928,29,Illinois
1932,29,Illinois
1936,29,Illinois
1940,29,Illinois
1944,28,Illinois
1948,28,Illinois
1952,27,Illinois
1956,27,Illinois
1960,27,Illinois
1964,26,Illinois
1968,26,Illinois
1972,26,Illinois
1976,26,Illinois
1980,26,Illinois
1984,24,Illinois
1988,24,Illinois
1992,22,Illinois
1996,22,Illinois
2000,22,Illinois
2004,21,Illinois
2008,21,Illinois
2012,20,Illinois
2016,20,Illinois
2020,20,Illinois
1788,0,Indiana
1792,0,Indiana
1796,0,Indiana
1800,0,Indiana
1804,0,Indiana
1808,0,Indiana
1812,0,Indiana
1816,3,Indiana
1820,3,Indiana
1824,5,Indiana
1828,5,Indiana
1832,9,Indiana
1836,9,Indiana
1840,9,Indiana
1844,12,Indiana
1848,12,Indiana
1852,13,Indiana
1856,13,Indiana
1860,13,Indiana
1864,13,Indiana
1868,13,Indiana
1872,15,Indiana
1876,15,Indiana
1880,15,Indiana
1884,15,Indiana
1888,15,Indiana
1892,15,Indiana
1896,15,Indiana
1900,15,Indiana
1904,15,Indiana
1908,15,Indiana
1912,15,Indiana
1916,15,Indiana
1920,15,Indiana
1924,15,Indiana
1928,15,Indiana
1932,14,Indiana
1936,14,Indiana
1940,14,Indiana
1944,13,Indiana
1948,13,Indiana
1952,13,Indiana
1956,13,Indiana
1960,13,Indiana
1964,13,Indiana
1968,13,Indiana
1972,13,Indiana
1976,13,Indiana
1980,13,Indiana
1984,12,Indiana
1988,12,Indiana
1992,12,Indiana
1996,12,Indiana
2000,12,Indiana
2004,11,Indiana
2008,11,Indiana
2012,11,Indiana
2016,11,Indiana
2020,11,Indiana
1788,0,Iowa
1792,0,Iowa
1796,0,Iowa
1800,0,Iowa
1804,0,Iowa
1808,0,Iowa
1812,0,Iowa
1816,0,Iowa
1820,0,Iowa
1824,0,Iowa
1828,0,Iowa
1832,0,Iowa
1836,0,Iowa
1840,0,Iowa
1844,0,Iowa
1848,4,Iowa
1852,4,Iowa
1856,4,Iowa
1860,4,Iowa
1864,8,Iowa
1868,8,Iowa
1872,11,Iowa
1876,11,Iowa
1880,11,Iowa
1884,13,Iowa
1888,13,Iowa
1892,13,Iowa
1896,13,Iowa
1900,13,Iowa
1904,13,Iowa
1908,13,Iowa
1912,13,Iowa
1916,13,Iowa
1920,13,Iowa
1924,13,Iowa
1928,13,Iowa
1932,11,Iowa
1936,11,Iowa
1940,11,Iowa
1944,10,Iowa
1948,10,Iowa
1952,10,Iowa
1956,10,Iowa
1960,10,Iowa
1964,9,Iowa
1968,9,Iowa
1972,8,Iowa
1976,8,Iowa
1980,8,Iowa
1984,8,Iowa
1988,8,Iowa
1992,7,Iowa
1996,7,Iowa
2000,7,Iowa
2004,7,Iowa
2008,7,Iowa
2012,6,Iowa
2016,6,Iowa
2020,6,Iowa
1788,0,Kansas
1792,0,Kansas
1796,0,Kansas
1800,0,Kansas
1804,0,Kansas
1808,0,Kansas
1812,0,Kansas
1816,0,Kansas
1820,0,Kansas
1824,0,Kansas
1828,0,Kansas
1832,0,Kansas
1836,0,Kansas
1840,0,Kansas
1844,0,Kansas
1848,0,Kansas
1852,0,Kansas
1856,0,Kansas
1860,0,Kansas
1864,3,Kansas
1868,3,Kansas
1872,5,Kansas
1876,5,Kansas
1880,5,Kansas
1884,9,Kansas
1888,9,Kansas
1892,10,Kansas
1896,10,Kansas
1900,10,Kansas
1904,10,Kansas
1908,10,Kansas
1912,10,Kansas
1916,10,Kansas
1920,10,Kansas
1924,10,Kansas
1928,10,Kansas
1932,9,Kansas
1936,9,Kansas
1940,9,Kansas
1944,8,Kansas
1948,8,Kansas
1952,8,Kansas
1956,8,Kansas
1960,8,Kansas
1964,7,Kansas
1968,7,Kansas
1972,7,Kansas
1976,7,Kansas
1980,7,Kansas
1984,7,Kansas
1988,7,Kansas
1992,6,Kansas
1996,6,Kansas
2000,6,Kansas
2004,6,Kansas
2008,6,Kansas
2012,6,Kansas
2016,6,Kansas
2020,6,Kansas
1788,0,Kentucky
1792,4,Kentucky
1796,4,Kentucky
1800,4,Kentucky
1804,8,Kentucky
1808,8,Kentucky
1812,12,Kentucky
1816,12,Kentucky
1820,12,Kentucky
1824,14,Kentucky
1828,14,Kentucky
1832,15,Kentucky
1836,15,Kentucky
1840,15,Kentucky
1844,12,Kentucky
1848,12,Kentucky
1852,12,Kentucky
1856,12,Kentucky
1860,12,Kentucky
1864,11,Kentucky
1868,11,Kentucky
1872,12,Kentucky
1876,12,Kentucky
1880,12,Kentucky
1884,13,Kentucky
1888,13,Kentucky
1892,13,Kentucky
1896,13,Kentucky
1900,13,Kentucky
1904,13,Kentucky
1908,13,Kentucky
1912,13,Kentucky
1916,13,Kentucky
1920,13,Kentucky
1924,13,Kentucky
1928,13,Kentucky
1932,11,Kentucky
1936,11,Kentucky
1940,11,Kentucky
1944,11,Kentucky
1948,11,Kentucky
1952,10,Kentucky
1956,10,Kentucky
1960,10,Kentucky
1964,9,Kentucky
1968,9,Kentucky
1972,9,Kentucky
1976,9,Kentucky
1980,9,Kentucky
1984,9,Kentucky
1988,9,Kentucky
1992,8,Kentucky
1996,8,Kentucky
2000,8,Kentucky
2004,8,Kentucky
2008,8,Kentucky
2012,8,Kentucky
2016,8,Kentucky
2020,8,Kentucky
1788,0,Louisiana
1792,0,Louisiana
1796,0,Louisiana
1800,0,Louisiana
1804,0,Louisiana
1808,0,Louisiana
1812,3,Louisiana
1816,3,Louisiana
1820,3,Louisiana
1824,5,Louisiana
1828,5,Louisiana
1832,5,Louisiana
1836,5,Louisiana
1840,5,Louisiana
1844,6,Louisiana
1848,6,Louisiana
1852,6,Louisiana
1856,6,Louisiana
1860,6,Louisiana
1864,0,Louisiana
1868,7,Louisiana
1872,8,Louisiana
1876,8,Louisiana
1880,8,Louisiana
1884,8,Louisiana
1888,8,Louisiana
1892,8,Louisiana
1896,8,Louisiana
1900,8,Louisiana
1904,9,Louisiana
1908,9,Louisiana
1912,10,Louisiana
1916,10,Louisiana
1920,10,Louisiana
1924,10,Louisiana
1928,10,Louisiana
1932,10,Louisiana
1936,10,Louisiana
1940,10,Louisiana
1944,10,Louisiana
1948,10,Louisiana
1952,10,Louisiana
1956,10,Louisiana
1960,10,Louisiana
1964,10,Louisiana
1968,10,Louisiana
1972,10,Louisiana
1976,10,Louisiana
1980,10,Louisiana
1984,10,Louisiana
1988,10,Louisiana
1992,9,Louisiana
1996,9,Louisiana
2000,9,Louisiana
2004,9,Louisiana
2008,9,Louisiana
2012,8,Louisiana
2016,8,Louisiana
2020,8,Louisiana
1788,0,Maine
1792,0,Maine
1796,0,Maine
1800,0,Maine
1804,0,Maine
1808,0,Maine
1812,0,Maine
1816,0,Maine
1820,9,Maine
1824,9,Maine
1828,9,Maine
1832,10,Maine
1836,10,Maine
1840,10,Maine
1844,9,Maine
1848,9,Maine
1852,8,Maine
1856,8,Maine
1860,8,Maine
1864,7,Maine
1868,7,Maine
1872,7,Maine
1876,7,Maine
1880,7,Maine
1884,6,Maine
1888,6,Maine
1892,6,Maine
1896,6,Maine
1900,6,Maine
1904,6,Maine
1908,6,Maine
1912,6,Maine
1916,6,Maine
1920,6,Maine
1924,6,Maine
1928,6,Maine
1932,5,Maine
1936,5,Maine
1940,5,Maine
1944,5,Maine
1948,5,Maine
1952,5,Maine
1956,5,Maine
1960,5,Maine
1964,4,Maine
1968,4,Maine
1972,4,Maine
1976,4,Maine
1980,4,Maine
1984,4,Maine
1988,4,Maine
1992,4,Maine
1996,4,Maine
2000,4,Maine
2004,4,Maine
2008,4,Maine
2012,4,Maine
2016,4,Maine
2020,4,Maine
1788,8,Maryland
1792,10,Maryland
1796,10,Maryland
1800,10,Maryland
1804,11,Maryland
1808,11,Maryland
1812,11,Maryland
1816,11,Maryland
1820,11,Maryland
1824,11,Maryland
1828,11,Maryland
1832,10,Maryland
1836,10,Maryland
1840,10,Maryland
1844,8,Maryland
1848,8,Maryland
1852,8,Maryland
1856,8,Maryland
1860,8,Maryland
1864,7,Maryland
1868,7,Maryland
1872,8,Maryland
1876,8,Maryland
1880,8,Maryland
1884,8,Maryland
1888,8,Maryland
1892,8,Maryland
1896,8,Maryland
1900,8,Maryland
1904,8,Maryland
1908,8,Maryland
1912,8,Maryland
1916,8,Maryland
1920,8,Maryland
1924,8,Maryland
1928,8,Maryland
1932,8,Maryland
1936,8,Maryland
1940,8,Maryland
1944,8,Maryland
1948,8,Maryland
1952,9,Maryland
1956,9,Maryland
1960,9,Maryland
1964,10,Maryland
1968,10,Maryland
1972,10,Maryland
1976,10,Maryland
1980,10,Maryland
1984,10,Maryland
1988,10,Maryland
1992,10,Maryland
1996,10,Maryland
2000,10,Maryland
2004,10,Maryland
2008,10,Maryland
2012,10,Maryland
2016,10,Maryland
2020,10,Maryland
1788,10,Massachusetts
1792,16,Massachusetts
1796,16,Massachusetts
1800,16,Massachusetts
1804,19,Massachusetts
1808,19,Massachusetts
1812,22,Massachusetts
1816,22,Massachusetts
1820,15,Massachusetts
1824,15,Massachusetts
1828,15,Massachusetts
1832,14,Massachusetts
1836,14,Massachusetts
1840,14,Massachusetts
1844,12,Massachusetts
1848,12,Massachusetts
1852,13,Massachusetts
1856,13,Massachusetts
1860,13,Massachusetts
1864,12,Massachusetts
1868,12,Massachusetts
1872,13,Massachusetts
1876,13,Massachusetts
1880,13,Massachusetts
1884,14,Massachusetts
1888,14,Massachusetts
1892,15,Massachusetts
1896,15,Massachusetts
1900,15,Massachusetts
1904,16,Massachusetts
1908,16,Massachusetts
1912,18,Massachusetts
1916,18,Massachusetts
1920,18,Massachusetts
1924,18,Massachusetts
1928,18,Massachusetts
1932,17,Massachusetts
1936,17,Massachusetts
1940,17,Massachusetts
1944,16,Massachusetts
1948,16,Massachusetts
1952,16,Massachusetts
1956,16,Massachusetts
1960,16,Massachusetts
1964,14,Massachusetts
1968,14,Massachusetts
1972,14,Massachusetts
1976,14,Massachusetts
1980,14,Massachusetts
1984,13,Massachusetts
1988,13,Massachusetts
1992,12,Massachusetts
1996,12,Massachusetts
2000,12,Massachusetts
2004,12,Massachusetts
2008,12,Massachusetts
2012,11,Massachusetts
2016,11,Massachusetts
2020,11,Massachusetts
1788,0,Michigan
1792,0,Michigan
1796,0,Michigan
1800,0,Michigan
1804,0,Michigan
1808,0,Michigan
1812,0,Michigan
1816,0,Michigan
1820,0,Michigan
1824,0,Michigan
1828,0,Michigan
1832,0,Michigan
1836,3,Michigan
1840,3,Michigan
1844,5,Michigan
1848,5,Michigan
1852,6,Michigan
1856,6,Michigan
1860,6,Michigan
1864,8,Michigan
1868,8,Michigan
1872,11,Michigan
1876,11,Michigan
1880,11,Michigan
1884,13,Michigan
1888,13,Michigan
1892,14,Michigan
1896,14,Michigan
1900,14,Michigan
1904,14,Michigan
1908,14,Michigan
1912,15,Michigan
1916,15,Michigan
1920,15,Michigan
1924,15,Michigan
1928,15,Michigan
1932,19,Michigan
1936,19,Michigan
1940,19,Michigan
1944,19,Michigan
1948,19,Michigan
1952,20,Michigan
1956,20,Michigan
1960,20,Michigan
1964,21,Michigan
1968,21,Michigan
1972,21,Michigan
1976,21,Michigan
1980,21,Michigan
1984,20,Michigan
1988,20,Michigan
1992,18,Michigan
1996,18,Michigan
2000,18,Michigan
2004,17,Michigan
2008,17,Michigan
2012,16,Michigan
2016,16,Michigan
2020,16,Michigan
1788,0,Minnesota
1792,0,Minnesota
1796,0,Minnesota
1800,0,Minnesota
1804,0,Minnesota
1808,0,Minnesota
1812,0,Minnesota
1816,0,Minnesota
1820,0,Minnesota
1824,0,Minnesota
1828,0,Minnesota
1832,0,Minnesota
1836,0,Minnesota
1840,0,Minnesota
1844,0,Minnesota
1848,0,Minnesota
1852,0,Minnesota
1856,0,Minnesota
1860,4,Minnesota
1864,4,Minnesota
1868,4,Minnesota
1872,5,Minnesota
1876,5,Minnesota
1880,5,Minnesota
1884,7,Minnesota
1888,7,Minnesota
1892,9,Minnesota
1896,9,Minnesota
1900,9,Minnesota
1904,11,Minnesota
1908,11,Minnesota
1912,12,Minnesota
1916,12,Minnesota
1920,12,Minnesota
1924,12,Minnesota
1928,12,Minnesota
1932,11,Minnesota
1936,11,Minnesota
1940,11,Minnesota
1944,11,Minnesota
1948,11,Minnesota
1952,11,Minnesota
1956,11,Minnesota
1960,11,Minnesota
1964,10,Minnesota
1968,10,Minnesota
1972,10,Minnesota
1976,10,Minnesota
1980,10,Minnesota
1984,10,Minnesota
1988,10,Minnesota
1992,10,Minnesota
1996,10,Minnesota
2000,10,Minnesota
2004,10,Minnesota
2008,10,Minnesota
2012,10,Minnesota
2016,10,Minnesota
2020,10,Minnesota
1788,0,Mississippi
1792,0,Mississippi
1796,0,Mississippi
1800,0,Mississippi
1804,0,Mississippi
1808,0,Mississippi
1812,0,Mississippi
1816,0,Mississippi
1820,3,Mississippi
1824,3,Mississippi
1828,3,Mississippi
1832,4,Mississippi
1836,4,Mississippi
1840,4,Mississippi
1844,6,Mississippi
1848,6,Mississippi
1852,7,Mississippi
1856,7,Mississippi
1860,7,Mississippi
1864,0,Mississippi
1868,0,Mississippi
1872,8,Mississippi
1876,8,Mississippi
1880,8,Mississippi
1884,9,Mississippi
1888,9,Mississippi
1892,9,Mississippi
1896,9,Mississippi
1900,9,Mississippi
1904,10,Mississippi
1908,10,Mississippi
1912,10,Mississippi
1916,10,Mississippi
1920,10,Mississippi
1924,10,Mississippi
1928,10,Mississippi
1932,9,Mississippi
1936,9,Mississippi
1940,9,Mississippi
1944,9,Mississippi
1948,9,Mississippi
1952,8,Mississippi
1956,8,Mississippi
1960,8,Mississippi
1964,7,Mississippi
1968,7,Mississippi
1972,7,Mississippi
1976,7,Mississippi
1980,7,Mississippi
1984,7,Mississippi
1988,7,Mississippi
1992,7,Mississippi
1996,7,Mississippi
2000,7,Mississippi
2004,6,Mississippi
2008,6,Mississippi
2012,6,Mississippi
2016,6,Mississippi
2020,6,Mississippi
1788,0,Missouri
1792,0,Missouri
1796,0,Missouri
1800,0,Missouri
1804,0,Missouri
1808,0,Missouri
1812,0,Missouri
1816,0,Missouri
1820,3,Missouri
1824,3,Missouri
1828,3,Missouri
1832,4,Missouri
1836,4,Missouri
1840,4,Missouri
1844,7,Missouri
1848,7,Missouri
1852,9,Missouri
1856,9,Missouri
1860,9,Missouri
1864,11,Missouri
1868,11,Missouri
1872,15,Missouri
1876,15,Missouri
1880,15,Missouri
1884,16,Missouri
1888,16,Missouri
1892,17,Missouri
1896,17,Missouri
1900,17,Missouri
1904,18,Missouri
1908,18,Missouri
1912,18,Missouri
1916,18,Missouri
1920,18,Missouri
1924,18,Missouri
1928,18,Missouri
1932,15,Missouri
1936,15,Missouri
1940,15,Missouri
1944,15,Missouri
1948,15,Missouri
1952,13,Missouri
1956,13,Missouri
1960,13,Missouri
1964,12,Missouri
1968,12,Missouri
1972,12,Missouri
1976,12,Missouri
1980,12,Missouri
1984,11,Missouri
1988,11,Missouri
1992,11,Missouri
1996,11,Missouri
2000,11,Missouri
2004,11,Missouri
2008,11,Missouri
2012,10,Missouri
2016,10,Missouri
2020,10,Missouri
1788,0,Montana
1792,0,Montana
1796,0,Montana
1800,0,Montana
1804,0,Montana
1808,0,Montana
1812,0,Montana
1816,0,Montana
1820,0,Montana
1824,0,Montana
1828,0,Montana
1832,0,Montana
1836,0,Montana
1840,0,Montana
1844,0,Montana
1848,0,Montana
1852,0,Montana
1856,0,Montana
1860,0,Montana
1864,0,Montana
1868,0,Montana
1872,0,Montana
1876,0,Montana
1880,0,Montana
1884,0,Montana
1888,0,Montana
1892,3,Montana
1896,3,Montana
1900,3,Montana
1904,3,Montana
1908,3,Montana
1912,4,Montana
1916,4,Montana
1920,4,Montana
1924,4,Montana
1928,4,Montana
1932,4,Montana
1936,4,Montana
1940,4,Montana
1944,4,Montana
1948,4,Montana
1952,4,Montana
1956,4,Montana
1960,4,Montana
1964,4,Montana
1968,4,Montana
1972,4,Montana
1976,4,Montana
1980,4,Montana
1984,4,Montana
1988,4,Montana
1992,3,Montana
1996,3,Montana
2000,3,Montana
2004,3,Montana
2008,3,Montana
2012,3,Montana
2016,3,Montana
2020,3,Montana
1788,0,Nebraska
1792,0,Nebraska
1796,0,Nebraska
1800,0,Nebraska
1804,0,Nebraska
1808,0,Nebraska
1812,0,Nebraska
1816,0,Nebraska
1820,0,Nebraska
1824,0,Nebraska
1828,0,Nebraska
1832,0,Nebraska
1836,0,Nebraska
1840,0,Nebraska
1844,0,Nebraska
1848,0,Nebraska
1852,0,Nebraska
1856,0,Nebraska
1860,0,Nebraska
1864,0,Nebraska
1868,3,Nebraska
1872,3,Nebraska
1876,3,Nebraska
1880,3,Nebraska
1884,5,Nebraska
1888,5,Nebraska
1892,8,Nebraska
1896,8,Nebraska
1900,8,Nebraska
1904,8,Nebraska
1908,8,Nebraska
1912,8,Nebraska
1916,8,Nebraska
1920,8,Nebraska
1924,8,Nebraska
1928,8,Nebraska
1932,7,Nebraska
1936,7,Nebraska
1940,7,Nebraska
1944,6,Nebraska
1948,6,Nebraska
1952,6,Nebraska
1956,6,Nebraska
1960,6,Nebraska
1964,5,Nebraska
1968,5,Nebraska
1972,5,Nebraska
1976,5,Nebraska
1980,5,Nebraska
1984,5,Nebraska
1988,5,Nebraska
1992,5,Nebraska
1996,5,Nebraska
2000,5,Nebraska
2004,5,Nebraska
2008,5,Nebraska
2012,5,Nebraska
2016,5,Nebraska
2020,5,Nebraska
1788,0,Nevada
1792,0,Nevada
1796,0,Nevada
1800,0,Nevada
1804,0,Nevada
1808,0,Nevada
1812,0,Nevada
1816,0,Nevada
1820,0,Nevada
1824,0,Nevada
1828,0,Nevada
1832,0,Nevada
1836,0,Nevada
1840,0,Nevada
1844,0,Nevada
1848,0,Nevada
1852,0,Nevada
1856,0,Nevada
1860,0,Nevada
1864,3,Nevada
1868,3,Nevada
1872,3,Nevada
1876,3,Nevada
1880,3,Nevada
1884,3,Nevada
1888,3,Nevada
1892,3,Nevada
1896,3,Nevada
1900,3,Nevada
1904,3,Nevada
1908,3,Nevada
1912,3,Nevada
1916,3,Nevada
1920,3,Nevada
1924,3,Nevada
1928,3,Nevada
1932,3,Nevada
1936,3,Nevada
1940,3,Nevada
1944,3,Nevada
1948,3,Nevada
1952,3,Nevada
1956,3,Nevada
1960,3,Nevada
1964,3,Nevada
1968,3,Nevada
1972,3,Nevada
1976,3,Nevada
1980,3,Nevada
1984,4,Nevada
1988,4,Nevada
1992,4,Nevada
1996,4,Nevada
2000,4,Nevada
2004,5,Nevada
2008,5,Nevada
2012,6,Nevada
2016,6,Nevada
2020,6,Nevada
1788,5,New Hampshire
1792,6,New Hampshire
1796,6,New Hampshire
1800,6,New Hampshire
1804,7,New Hampshire
1808,7,New Hampshire
1812,8,New Hampshire
1816,8,New Hampshire
1820,8,New Hampshire
1824,8,New Hampshire
1828,8,New Hampshire
1832,7,New Hampshire
1836,7,New Hampshire
1840,7,New Hampshire
1844,6,New Hampshire
1848,6,New Hampshire
1852,5,New Hampshire
1856,5,New Hampshire
1860,5,New Hampshire
1864,5,New Hampshire
1868,5,New Hampshire
1872,5,New Hampshire
1876,5,New Hampshire
1880,5,New Hampshire
1884,4,New Hampshire
1888,4,New Hampshire
1892,4,New Hampshire
1896,4,New Hampshire
1900,4,New Hampshire
1904,4,New Hampshire
1908,4,New Hampshire
1912,4,New Hampshire
1916,4,New Hampshire
1920,4,New Hampshire
1924,4,New Hampshire
1928,4,New Hampshire
1932,4,New Hampshire
1936,4,New Hampshire
1940,4,New Hampshire
1944,4,New Hampshire
1948,4,New Hampshire
1952,4,New Hampshire
1956,4,New Hampshire
1960,4,New Hampshire
1964,4,New Hampshire
1968,4,New Hampshire
1972,4,New Hampshire
1976,4,New Hampshire
1980,4,New Hampshire
1984,4,New Hampshire
1988,4,New Hampshire
1992,4,New Hampshire
1996,4,New Hampshire
2000,4,New Hampshire
2004,4,New Hampshire
2008,4,New Hampshire
2012,4,New Hampshire
2016,4,New Hampshire
2020,4,New Hampshire
1788,6,New Jersey
1792,7,New Jersey
1796,7,New Jersey
1800,7,New Jersey
1804,8,New Jersey
1808,8,New Jersey
1812,8,New Jersey
1816,8,New Jersey
1820,8,New Jersey
1824,8,New Jersey
1828,8,New Jersey
1832,8,New Jersey
1836,8,New Jersey
1840,8,New Jersey
1844,7,New Jersey
1848,7,New Jersey
1852,7,New Jersey
1856,7,New Jersey
1860,7,New Jersey
1864,7,New Jersey
1868,7,New Jersey
1872,9,New Jersey
1876,9,New Jersey
1880,9,New Jersey
1884,9,New Jersey
1888,9,New Jersey
1892,10,New Jersey
1896,10,New Jersey
1900,10,New Jersey
1904,12,New Jersey
1908,12,New Jersey
1912,14,New Jersey
1916,14,New Jersey
1920,14,New Jersey
1924,14,New Jersey
1928,14,New Jersey
1932,16,New Jersey
1936,16,New Jersey
1940,16,New Jersey
1944,16,New Jersey
1948,16,New Jersey
1952,16,New Jersey
1956,16,New Jersey
1960,16,New Jersey
1964,17,New Jersey
1968,17,New Jersey
1972,17,New Jersey
1976,17,New Jersey
1980,17,New Jersey
1984,16,New Jersey
1988,16,New Jersey
1992,15,New Jersey
1996,15,New Jersey
2000,15,New Jersey
2004,15,New Jersey
2008,15,New Jersey
2012,14,New Jersey
2016,14,New Jersey
2020,14,New Jersey
1788,0,New Mexico
1792,0,New Mexico
1796,0,New Mexico
1800,0,New Mexico
1804,0,New Mexico
1808,0,New Mexico
1812,0,New Mexico
1816,0,New Mexico
1820,0,New Mexico
1824,0,New Mexico
1828,0,New Mexico
1832,0,New Mexico
1836,0,New Mexico
1840,0,New Mexico
1844,0,New Mexico
1848,0,New Mexico
1852,0,New Mexico
1856,0,New Mexico
1860,0,New Mexico
1864,0,New Mexico
1868,0,New Mexico
1872,0,New Mexico
1876,0,New Mexico
1880,0,New Mexico
1884,0,New Mexico
1888,0,New Mexico
1892,0,New Mexico
1896,0,New Mexico
1900,0,New Mexico
1904,0,New Mexico
1908,0,New Mexico
1912,3,New Mexico
1916,3,New Mexico
1920,3,New Mexico
1924,3,New Mexico
1928,3,New Mexico
1932,3,New Mexico
1936,3,New Mexico
1940,3,New Mexico
1944,4,New Mexico
1948,4,New Mexico
1952,4,New Mexico
1956,4,New Mexico
1960,4,New Mexico
1964,4,New Mexico
1968,4,New Mexico
1972,4,New Mexico
1976,4,New Mexico
1980,4,New Mexico
1984,5,New Mexico
1988,5,New Mexico
1992,5,New Mexico
1996,5,New Mexico
2000,5,New Mexico
2004,5,New Mexico
2008,5,New Mexico
2012,5,New Mexico
2016,5,New Mexico
2020,5,New Mexico
1788,8,New York
1792,12,New York
1796,12,New York
1800,12,New York
1804,19,New York
1808,19,New York
1812,29,New York
1816,29,New York
1820,29,New York
1824,36,New York
1828,36,New York
1832,42,New York
1836,42,New York
1840,42,New York
1844,36,New York
1848,36,New York
1852,35,New York
1856,35,New York
1860,35,New York
1864,33,New York
1868,33,New York
1872,35,New York
1876,35,New York
1880,35,New York
1884,36,New York
1888,36,New York
1892,36,New York
1896,36,New York
1900,36,New York
1904,39,New York
1908,39,New York
1912,45,New York
1916,45,New York
1920,45,New York
1924,45,New York
1928,45,New York
1932,47,New York
1936,47,New York
1940,47,New York
1944,47,New York
1948,47,New York
1952,45,New York
1956,45,New York
1960,45,New York
1964,43,New York
1968,43,New York
1972,41,New York
1976,41,New York
1980,41,New York
1984,36,New York
1988,36,New York
1992,33,New York
1996,33,New York
2000,33,New York
2004,31,New York
2008,31,New York
2012,29,New York
2016,29,New York
2020,29,New York
1788,0,North Carolina
1792,12,North Carolina
1796,12,North Carolina
1800,12,North Carolina
1804,14,North Carolina
1808,14,North Carolina
1812,15,North Carolina
1816,15,North Carolina
1820,15,North Carolina
1824,15,North Carolina
1828,15,North Carolina
1832,15,North Carolina
1836,15,North Carolina
1840,15,North Carolina
1844,11,North Carolina
1848,11,North Carolina
1852,10,North Carolina
1856,10,North Carolina
1860,10,North Carolina
1864,0,North Carolina
1868,9,North Carolina
1872,10,North Carolina
1876,10,North Carolina
1880,10,North Carolina
1884,11,North Carolina
1888,11,North Carolina
1892,11,North Carolina
1896,11,North Carolina
1900,11,North Carolina
1904,12,North Carolina
1908,12,North Carolina
1912,12,North Carolina
1916,12,North Carolina
1920,12,North Carolina
1924,12,North Carolina
1928,12,North Carolina
1932,13,North Carolina
1936,13,North Carolina
1940,13,North Carolina
1944,14,North Carolina
1948,14,North Carolina
1952,14,North Carolina
1956,14,North Carolina
1960,14,North Carolina
1964,13,North Carolina
1968,13,North Carolina
1972,13,North Carolina
1976,13,North Carolina
1980,13,North Carolina
1984,13,North Carolina
1988,13,North Carolina
1992,14,North Carolina
1996,14,North Carolina
2000,14,North Carolina
2004,15,North Carolina
2008,15,North Carolina
2012,15,North Carolina
2016,15,North Carolina
2020,15,North Carolina
1788,0,North Dakota
1792,0,North Dakota
1796,0,North Dakota
1800,0,North Dakota
1804,0,North Dakota
1808,0,North Dakota
1812,0,North Dakota
1816,0,North Dakota
1820,0,North Dakota
1824,0,North Dakota
1828,0,North Dakota
1832,0,North Dakota
1836,0,North Dakota
1840,0,North Dakota
1844,0,North Dakota
1848,0,North Dakota
1852,0,North Dakota
1856,0,North Dakota
1860,0,North Dakota
1864,0,North Dakota
1868,0,North Dakota
1872,0,North Dakota
1876,0,North Dakota
1880,0,North Dakota
1884,0,North Dakota
1888,0,North Dakota
1892,3,North Dakota
1896,3,North Dakota
1900,3,North Dakota
1904,4,North Dakota
1908,4,North Dakota
1912,5,North Dakota
1916,5,North Dakota
1920,5,North Dakota
1924,5,North Dakota
1928,5,North Dakota
1932,4,North Dakota
1936,4,North Dakota
1940,4,North Dakota
1944,4,North Dakota
1948,4,North Dakota
1952,4,North Dakota
1956,4,North Dakota
1960,4,North Dakota
1964,4,North Dakota
1968,4,North Dakota
1972,3,North Dakota
1976,3,North Dakota
1980,3,North Dakota
1984,3,North Dakota
1988,3,North Dakota
1992,3,North Dakota
1996,3,North Dakota
2000,3,North Dakota
2004,3,North Dakota
2008,3,North Dakota
2012,3,North Dakota
2016,3,North Dakota
2020,3,North Dakota
1788,0,Ohio
1792,0,Ohio
1796,0,Ohio
1800,0,Ohio
1804,3,Ohio
1808,3,Ohio
1812,8,Ohio
1816,8,Ohio
1820,8,Ohio
1824,16,Ohio
1828,16,Ohio
1832,21,Ohio
1836,21,Ohio
1840,21,Ohio
1844,23,Ohio
1848,23,Ohio
1852,23,Ohio
1856,23,Ohio
1860,23,Ohio
1864,21,Ohio
1868,21,Ohio
1872,22,Ohio
1876,22,Ohio
1880,22,Ohio
1884,23,Ohio
1888,23,Ohio
1892,23,Ohio
1896,23,Ohio
1900,23,Ohio
1904,23,Ohio
1908,23,Ohio
1912,24,Ohio
1916,24,Ohio
1920,24,Ohio
1924,24,Ohio
1928,24,Ohio
1932,26,Ohio
1936,26,Ohio
1940,26,Ohio
1944,25,Ohio
1948,25,Ohio
1952,25,Ohio
1956,25,Ohio
1960,25,Ohio
1964,26,Ohio
1968,26,Ohio
1972,25,Ohio
1976,25,Ohio
1980,25,Ohio
1984,23,Ohio
1988,23,Ohio
1992,21,Ohio
1996,21,Ohio
2000,21,Ohio
2004,20,Ohio
2008,20,Ohio
2012,18,Ohio
2016,18,Ohio
2020,18,Ohio
1788,0,Oklahoma
1792,0,Oklahoma
1796,0,Oklahoma
1800,0,Oklahoma
1804,0,Oklahoma
1808,0,Oklahoma
1812,0,Oklahoma
1816,0,Oklahoma
1820,0,Oklahoma
1824,0,Oklahoma
1828,0,Oklahoma
1832,0,Oklahoma
1836,0,Oklahoma
1840,0,Oklahoma
1844,0,Oklahoma
1848,0,Oklahoma
1852,0,Oklahoma
1856,0,Oklahoma
1860,0,Oklahoma
1864,0,Oklahoma
1868,0,Oklahoma
1872,0,Oklahoma
1876,0,Oklahoma
1880,0,Oklahoma
1884,0,Oklahoma
1888,0,Oklahoma
1892,0,Oklahoma
1896,0,Oklahoma
1900,0,Oklahoma
1904,0,Oklahoma
1908,7,Oklahoma
1912,10,Oklahoma
1916,10,Oklahoma
1920,10,Oklahoma
1924,10,Oklahoma
1928,10,Oklahoma
1932,11,Oklahoma
1936,11,Oklahoma
1940,11,Oklahoma
1944,10,Oklahoma
1948,10,Oklahoma
1952,8,Oklahoma
1956,8,Oklahoma
1960,8,Oklahoma
1964,8,Oklahoma
1968,8,Oklahoma
1972,8,Oklahoma
1976,8,Oklahoma
1980,8,Oklahoma
1984,8,Oklahoma
1988,8,Oklahoma
1992,8,Oklahoma
1996,8,Oklahoma
2000,8,Oklahoma
2004,7,Oklahoma
2008,7,Oklahoma
2012,7,Oklahoma
2016,7,Oklahoma
2020,7,Oklahoma
1788,0,Oregon
1792,0,Oregon
1796,0,Oregon
1800,0,Oregon
1804,0,Oregon
1808,0,Oregon
1812,0,Oregon
1816,0,Oregon
1820,0,Oregon
1824,0,Oregon
1828,0,Oregon
1832,0,Oregon
1836,0,Oregon
1840,0,Oregon
1844,0,Oregon
1848,0,Oregon
1852,0,Oregon
1856,0,Oregon
1860,3,Oregon
1864,3,Oregon
1868,3,Oregon
1872,3,Oregon
1876,3,Oregon
1880,3,Oregon
1884,3,Oregon
1888,3,Oregon
1892,4,Oregon
1896,4,Oregon
1900,4,Oregon
1904,4,Oregon
1908,4,Oregon
1912,5,Oregon
1916,5,Oregon
1920,5,Oregon
1924,5,Oregon
1928,5,Oregon
1932,5,Oregon
1936,5,Oregon
1940,5,Oregon
1944,6,Oregon
1948,6,Oregon
1952,6,Oregon
1956,6,Oregon
1960,6,Oregon
1964,6,Oregon
1968,6,Oregon
1972,6,Oregon
1976,6,Oregon
1980,6,Oregon
1984,7,Oregon
1988,7,Oregon
1992,7,Oregon
1996,7,Oregon
2000,7,Oregon
2004,7,Oregon
2008,7,Oregon
2012,7,Oregon
2016,7,Oregon
2020,7,Oregon
1788,10,Pennsylvania
1792,15,Pennsylvania
1796,15,Pennsylvania
1800,15,Pennsylvania
1804,20,Pennsylvania
1808,20,Pennsylvania
1812,25,Pennsylvania
1816,25,Pennsylvania
1820,25,Pennsylvania
1824,28,Pennsylvania
1828,28,Pennsylvania
1832,30,Pennsylvania
1836,30,Pennsylvania
1840,30,Pennsylvania
1844,26,Pennsylvania
1848,26,Pennsylvania
1852,27,Pennsylvania
1856,27,Pennsylvania
1860,27,Pennsylvania
1864,26,Pennsylvania
1868,26,Pennsylvania
1872,29,Pennsylvania
1876,29,Pennsylvania
1880,29,Pennsylvania
1884,30,Pennsylvania
1888,30,Pennsylvania
1892,32,Pennsylvania
1896,32,Pennsylvania
1900,32,Pennsylvania
1904,34,Pennsylvania
1908,34,Pennsylvania
1912,38,Pennsylvania
1916,38,Pennsylvania
1920,38,Pennsylvania
1924,38,Pennsylvania
1928,38,Pennsylvania
1932,36,Pennsylvania
1936,36,Pennsylvania
1940,36,Pennsylvania
1944,35,Pennsylvania
1948,35,Pennsylvania
1952,32,Pennsylvania
1956,32,Pennsylvania
1960,32,Pennsylvania
1964,29,Pennsylvania
1968,29,Pennsylvania
1972,27,Pennsylvania
1976,27,Pennsylvania
1980,27,Pennsylvania
1984,25,Pennsylvania
1988,25,Pennsylvania
1992,23,Pennsylvania
1996,23,Pennsylvania
2000,23,Pennsylvania
2004,21,Pennsylvania
2008,21,Pennsylvania
2012,20,Pennsylvania
2016,20,Pennsylvania
2020,20,Pennsylvania
1788,0,Rhode Island
1792,4,Rhode Island
1796,4,Rhode Island
1800,4,Rhode Island
1804,4,Rhode Island
1808,4,Rhode Island
1812,4,Rhode Island
1816,4,Rhode Island
1820,4,Rhode Island
1824,4,Rhode Island
1828,4,Rhode Island
1832,4,Rhode Island
1836,4,Rhode Island
1840,4,Rhode Island
1844,4,Rhode Island
1848,4,Rhode Island
1852,4,Rhode Island
1856,4,Rhode Island
1860,4,Rhode Island
1864,4,Rhode Island
1868,4,Rhode Island
1872,4,Rhode Island
1876,4,Rhode Island
1880,4,Rhode Island
1884,4,Rhode Island
1888,4,Rhode Island
1892,4,Rhode Island
1896,4,Rhode Island
1900,4,Rhode Island
1904,4,Rhode Island
1908,4,Rhode Island
1912,5,Rhode Island
1916,5,Rhode Island
1920,5,Rhode Island
1924,5,Rhode Island
1928,5,Rhode Island
1932,4,Rhode Island
1936,4,Rhode Island
1940,4,Rhode Island
1944,4,Rhode Island
1948,4,Rhode Island
1952,4,Rhode Island
1956,4,Rhode Island
1960,4,Rhode Island
1964,4,Rhode Island
1968,4,Rhode Island
1972,4,Rhode Island
1976,4,Rhode Island
1980,4,Rhode Island
1984,4,Rhode Island
1988,4,Rhode Island
1992,4,Rhode Island
1996,4,Rhode Island
2000,4,Rhode Island
2004,4,Rhode Island
2008,4,Rhode Island
2012,4,Rhode Island
2016,4,Rhode Island
2020,4,Rhode Island
1788,7,South Carolina
1792,8,South Carolina
1796,8,South Carolina
1800,8,South Carolina
1804,10,South Carolina
1808,10,South Carolina
1812,11,South Carolina
1816,11,South Carolina
1820,11,South Carolina
1824,11,South Carolina
1828,11,South Carolina
1832,11,South Carolina
1836,11,South Carolina
1840,11,South Carolina
1844,9,South Carolina
1848,9,South Carolina
1852,8,South Carolina
1856,8,South Carolina
1860,8,South Carolina
1864,0,South Carolina
1868,6,South Carolina
1872,7,South Carolina
1876,7,South Carolina
1880,7,South Carolina
1884,9,South Carolina
1888,9,South Carolina
1892,9,South Carolina
1896,9,South Carolina
1900,9,South Carolina
1904,9,South Carolina
1908,9,South Carolina
1912,9,South Carolina
1916,9,South Carolina
1920,9,South Carolina
1924,9,South Carolina
1928,9,South Carolina
1932,8,South Carolina
1936,8,South Carolina
1940,8,South Carolina
1944,8,South Carolina
1948,8,South Carolina
1952,8,South Carolina
1956,8,South Carolina
1960,8,South Carolina
1964,8,South Carolina
1968,8,South Carolina
1972,8,South Carolina
1976,8,South Carolina
1980,8,South Carolina
1984,8,South Carolina
1988,8,South Carolina
1992,8,South Carolina
1996,8,South Carolina
2000,8,South Carolina
2004,8,South Carolina
2008,8,South Carolina
2012,9,South Carolina
2016,9,South Carolina
2020,9,South Carolina
1788,0,South Dakota
1792,0,South Dakota
1796,0,South Dakota
1800,0,South Dakota
1804,0,South Dakota
1808,0,South Dakota
1812,0,South Dakota
1816,0,South Dakota
1820,0,South Dakota
1824,0,South Dakota
1828,0,South Dakota
1832,0,South Dakota
1836,0,South Dakota
1840,0,South Dakota
1844,0,South Dakota
1848,0,South Dakota
1852,0,South Dakota
1856,0,South Dakota
1860,0,South Dakota
1864,0,South Dakota
1868,0,South Dakota
1872,0,South Dakota
1876,0,South Dakota
1880,0,South Dakota
1884,0,South Dakota
1888,0,South Dakota
1892,4,South Dakota
1896,4,South Dakota
1900,4,South Dakota
1904,4,South Dakota
1908,4,South Dakota
1912,5,South Dakota
1916,5,South Dakota
1920,5,South Dakota
1924,5,South Dakota
1928,5,South Dakota
1932,4,South Dakota
1936,4,South Dakota
1940,4,South Dakota
1944,4,South Dakota
1948,4,South Dakota
1952,4,South Dakota
1956,4,South Dakota
1960,4,South Dakota
1964,4,South Dakota
1968,4,South Dakota
1972,4,South Dakota
1976,4,South Dakota
1980,4,South Dakota
1984,3,South Dakota
1988,3,South Dakota
1992,3,South Dakota
1996,3,South Dakota
2000,3,South Dakota
2004,3,South Dakota
2008,3,South Dakota
2012,3,South Dakota
2016,3,South Dakota
2020,3,South Dakota
1788,0,Tennessee
1792,0,Tennessee
1796,3,Tennessee
1800,3,Tennessee
1804,5,Tennessee
1808,5,Tennessee
1812,8,Tennessee
1816,8,Tennessee
1820,8,Tennessee
1824,11,Tennessee
1828,11,Tennessee
1832,15,Tennessee
1836,15,Tennessee
1840,15,Tennessee
1844,13,Tennessee
1848,13,Tennessee
1852,12,Tennessee
1856,12,Tennessee
1860,12,Tennessee
1864,0,Tennessee
1868,10,Tennessee
1872,12,Tennessee
1876,12,Tennessee
1880,12,Tennessee
1884,12,Tennessee
1888,12,Tennessee
1892,12,Tennessee
1896,12,Tennessee
1900,12,Tennessee
1904,12,Tennessee
1908,12,Tennessee
1912,12,Tennessee
1916,12,Tennessee
1920,12,Tennessee
1924,12,Tennessee
1928,12,Tennessee
1932,11,Tennessee
1936,11,Tennessee
1940,11,Tennessee
1944,12,Tennessee
1948,12,Tennessee
1952,11,Tennessee
1956,11,Tennessee
1960,11,Tennessee
1964,11,Tennessee
1968,11,Tennessee
1972,10,Tennessee
1976,10,Tennessee
1980,10,Tennessee
1984,11,Tennessee
1988,11,Tennessee
1992,11,Tennessee
1996,11,Tennessee
2000,11,Tennessee
2004,11,Tennessee
2008,11,Tennessee
2012,11,Tennessee
2016,11,Tennessee
2020,11,Tennessee
1788,0,Texas
1792,0,Texas
1796,0,Texas
1800,0,Texas
1804,0,Texas
1808,0,Texas
1812,0,Texas
1816,0,Texas
1820,0,Texas
1824,0,Texas
1828,0,Texas
1832,0,Texas
1836,0,Texas
1840,0,Texas
1844,0,Texas
1848,4,Texas
1852,4,Texas
1856,4,Texas
1860,4,Texas
1864,0,Texas
1868,0,Texas
1872,8,Texas
1876,8,Texas
1880,8,Texas
1884,13,Texas
1888,13,Texas
1892,15,Texas
1896,15,Texas
1900,15,Texas
1904,18,Texas
1908,18,Texas
1912,20,Texas
1916,20,Texas
1920,20,Texas
1924,20,Texas
1928,20,Texas
1932,23,Texas
1936,23,Texas
1940,23,Texas
1944,23,Texas
1948,23,Texas
1952,24,Texas
1956,24,Texas
1960,24,Texas
1964,25,Texas
1968,25,Texas
1972,26,Texas
1976,26,Texas
1980,26,Texas
1984,29,Texas
1988,29,Texas
1992,32,Texas
1996,32,Texas
2000,32,Texas
2004,34,Texas
2008,34,Texas
2012,38,Texas
2016,38,Texas
2020,38,Texas
1788,0,Utah
1792,0,Utah
1796,0,Utah
1800,0,Utah
1804,0,Utah
1808,0,Utah
1812,0,Utah
1816,0,Utah
1820,0,Utah
1824,0,Utah
1828,0,Utah
1832,0,Utah
1836,0,Utah
1840,0,Utah
1844,0,Utah
1848,0,Utah
1852,0,Utah
1856,0,Utah
1860,0,Utah
1864,0,Utah
1868,0,Utah
1872,0,Utah
1876,0,Utah
1880,0,Utah
1884,0,Utah
1888,0,Utah
1892,0,Utah
1896,3,Utah
1900,3,Utah
1904,3,Utah
1908,3,Utah
1912,4,Utah
1916,4,Utah
1920,4,Utah
1924,4,Utah
1928,4,Utah
1932,4,Utah
1936,4,Utah
1940,4,Utah
1944,4,Utah
1948,4,Utah
1952,4,Utah
1956,4,Utah
1960,4,Utah
1964,4,Utah
1968,4,Utah
1972,4,Utah
1976,4,Utah
1980,4,Utah
1984,5,Utah
1988,5,Utah
1992,5,Utah
1996,5,Utah
2000,5,Utah
2004,5,Utah
2008,5,Utah
2012,6,Utah
2016,6,Utah
2020,6,Utah
1788,0,Vermont
1792,4,Vermont
1796,4,Vermont
1800,4,Vermont
1804,6,Vermont
1808,6,Vermont
1812,8,Vermont
1816,8,Vermont
1820,8,Vermont
1824,7,Vermont
1828,7,Vermont
1832,7,Vermont
1836,7,Vermont
1840,7,Vermont
1844,6,Vermont
1848,6,Vermont
1852,5,Vermont
1856,5,Vermont
1860,5,Vermont
1864,5,Vermont
1868,5,Vermont
1872,5,Vermont
1876,5,Vermont
1880,5,Vermont
1884,4,Vermont
1888,4,Vermont
1892,4,Vermont
1896,4,Vermont
1900,4,Vermont
1904,4,Vermont
1908,4,Vermont
1912,4,Vermont
1916,4,Vermont
1920,4,Vermont
1924,4,Vermont
1928,4,Vermont
1932,3,Vermont
1936,3,Vermont
1940,3,Vermont
1944,3,Vermont
1948,3,Vermont
1952,3,Vermont
1956,3,Vermont
1960,3,Vermont
1964,3,Vermont
1968,3,Vermont
1972,3,Vermont
1976,3,Vermont
1980,3,Vermont
1984,3,Vermont
1988,3,Vermont
1992,3,Vermont
1996,3,Vermont
2000,3,Vermont
2004,3,Vermont
2008,3,Vermont
2012,3,Vermont
2016,3,Vermont
2020,3,Vermont
1788,12,Virginia
1792,21,Virginia
1796,21,Virginia
1800,21,Virginia
1804,24,Virginia
1808,24,Virginia
1812,25,Virginia
1816,25,Virginia
1820,25,Virginia
1824,24,Virginia
1828,24,Virginia
1832,23,Virginia
1836,23,Virginia
1840,23,Virginia
1844,17,Virginia
1848,17,Virginia
1852,15,Virginia
1856,15,Virginia
1860,15,Virginia
1864,0,Virginia
1868,0,Virginia
1872,11,Virginia
1876,11,Virginia
1880,11,Virginia
1884,12,Virginia
1888,12,Virginia
1892,12,Virginia
1896,12,Virginia
1900,12,Virginia
1904,12,Virginia
1908,12,Virginia
1912,12,Virginia
1916,12,Virginia
1920,12,Virginia
1924,12,Virginia
1928,12,Virginia
1932,11,Virginia
1936,11,Virginia
1940,11,Virginia
1944,11,Virginia
1948,11,Virginia
1952,12,Virginia
1956,12,Virginia
1960,12,Virginia
1964,12,Virginia
1968,12,Virginia
1972,12,Virginia
1976,12,Virginia
1980,12,Virginia
1984,12,Virginia
1988,12,Virginia
1992,13,Virginia
1996,13,Virginia
2000,13,Virginia
2004,13,Virginia
2008,13,Virginia
2012,13,Virginia
2016,13,Virginia
2020,13,Virginia
1788,0,Washington
1792,0,Washington
1796,0,Washington
1800,0,Washington
1804,0,Washington
1808,0,Washington
1812,0,Washington
1816,0,Washington
1820,0,Washington
1824,0,Washington
1828,0,Washington
1832,0,Washington
1836,0,Washington
1840,0,Washington
1844,0,Washington
1848,0,Washington
1852,0,Washington
1856,0,Washington
1860,0,Washington
1864,0,Washington
1868,0,Washington
1872,0,Washington
1876,0,Washington
1880,0,Washington
1884,0,Washington
1888,0,Washington
1892,4,Washington
1896,4,Washington
1900,4,Washington
1904,5,Washington
1908,5,Washington
1912,7,Washington
1916,7,Washington
1920,7,Washington
1924,7,Washington
1928,7,Washington
1932,8,Washington
1936,8,Washington
1940,8,Washington
1944,8,Washington
1948,8,Washington
1952,9,Washington
1956,9,Washington
1960,9,Washington
1964,9,Washington
1968,9,Washington
1972,9,Washington
1976,9,Washington
1980,9,Washington
1984,10,Washington
1988,10,Washington
1992,11,Washington
1996,11,Washington
2000,11,Washington
2004,11,Washington
2008,11,Washington
2012,12,Washington
2016,12,Washington
2020,12,Washington
1788,0,West Virginia
1792,0,West Virginia
1796,0,West Virginia
1800,0,West Virginia
1804,0,West Virginia
1808,0,West Virginia
1812,0,West Virginia
1816,0,West Virginia
1820,0,West Virginia
1824,0,West Virginia
1828,0,West Virginia
1832,0,West Virginia
1836,0,West Virginia
1840,0,West Virginia
1844,0,West Virginia
1848,0,West Virginia
1852,0,West Virginia
1856,0,West Virginia
1860,0,West Virginia
1864,5,West Virginia
1868,5,West Virginia
1872,5,West Virginia
1876,5,West Virginia
1880,5,West Virginia
1884,6,West Virginia
1888,6,West Virginia
1892,6,West Virginia
1896,6,West Virginia
1900,6,West Virginia
1904,7,West Virginia
1908,7,West Virginia
1912,8,West Virginia
1916,8,West Virginia
1920,8,West Virginia
1924,8,West Virginia
1928,8,West Virginia
1932,8,West Virginia
1936,8,West Virginia
1940,8,West Virginia
1944,8,West Virginia
1948,8,West Virginia
1952,8,West Virginia
1956,8,West Virginia
1960,8,West Virginia
1964,7,West Virginia
1968,7,West Virginia
1972,6,West Virginia
1976,6,West Virginia
1980,6,West Virginia
1984,6,West Virginia
1988,6,West Virginia
1992,5,West Virginia
1996,5,West Virginia
2000,5,West Virginia
2004,5,West Virginia
2008,5,West Virginia
2012,5,West Virginia
2016,5,West Virginia
2020,5,West Virginia
1788,0,Wisconsin
1792,0,Wisconsin
1796,0,Wisconsin
1800,0,Wisconsin
1804,0,Wisconsin
1808,0,Wisconsin
1812,0,Wisconsin
1816,0,Wisconsin
1820,0,Wisconsin
1824,0,Wisconsin
1828,0,Wisconsin
1832,0,Wisconsin
1836,0,Wisconsin
1840,0,Wisconsin
1844,0,Wisconsin
1848,4,Wisconsin
1852,5,Wisconsin
1856,5,Wisconsin
1860,5,Wisconsin
1864,8,Wisconsin
1868,8,Wisconsin
1872,10,Wisconsin
1876,10,Wisconsin
1880,10,Wisconsin
1884,11,Wisconsin
1888,11,Wisconsin
1892,12,Wisconsin
1896,12,Wisconsin
1900,12,Wisconsin
1904,13,Wisconsin
1908,13,Wisconsin
1912,13,Wisconsin
1916,13,Wisconsin
1920,13,Wisconsin
1924,13,Wisconsin
1928,13,Wisconsin
1932,12,Wisconsin
1936,12,Wisconsin
1940,12,Wisconsin
1944,12,Wisconsin
1948,12,Wisconsin
1952,12,Wisconsin
1956,12,Wisconsin
1960,12,Wisconsin
1964,12,Wisconsin
1968,12,Wisconsin
1972,11,Wisconsin
1976,11,Wisconsin
1980,11,Wisconsin
1984,11,Wisconsin
1988,11,Wisconsin
1992,11,Wisconsin
1996,11,Wisconsin
2000,11,Wisconsin
2004,10,Wisconsin
2008,10,Wisconsin
2012,10,Wisconsin
2016,10,Wisconsin
2020,10,Wisconsin
1788,0,Wyoming
1792,0,Wyoming
1796,0,Wyoming
1800,0,Wyoming
1804,0,Wyoming
1808,0,Wyoming
1812,0,Wyoming
1816,0,Wyoming
1820,0,Wyoming
1824,0,Wyoming
1828,0,Wyoming
1832,0,Wyoming
1836,0,Wyoming
1840,0,Wyoming
1844,0,Wyoming
1848,0,Wyoming
1852,0,Wyoming
1856,0,Wyoming
1860,0,Wyoming
1864,0,Wyoming
1868,0,Wyoming
1872,0,Wyoming
1876,0,Wyoming
1880,0,Wyoming
1884,0,Wyoming
1888,0,Wyoming
1892,3,Wyoming
1896,3,Wyoming
1900,3,Wyoming
1904,3,Wyoming
1908,3,Wyoming
1912,3,Wyoming
1916,3,Wyoming
1920,3,Wyoming
1924,3,Wyoming
1928,3,Wyoming
1932,3,Wyoming
1936,3,Wyoming
1940,3,Wyoming
1944,3,Wyoming
1948,3,Wyoming
1952,3,Wyoming
1956,3,Wyoming
1960,3,Wyoming
1964,3,Wyoming
1968,3,Wyoming
1972,3,Wyoming
1976,3,Wyoming
1980,3,Wyoming
1984,3,Wyoming
1988,3,Wyoming
1992,3,Wyoming
1996,3,Wyoming
2000,3,Wyoming
2004,3,Wyoming
2008,3,Wyoming
2012,3,Wyoming
2016,3,Wyoming
2020,3,Wyoming
